index,prompt,answer_a,answer_b,judgment,hallucination,reason
0,"If A implies B, and B is false, what can be said about A?","In logic, if A implies B (or A entails B), it means that A implies either B or B implies A. If B is false, then neither A nor B is true. In other words, A is not logically necessary to prove B. So, if A does not imply B, then B cannot be true and vice versa.

For example:

- A: I like pizza. B: Pizza tastes great!
- A: The answer is 42. B: Why are you asking me this?

In both cases, neither ""A"" nor ""B"" can be true based on the given scenario. Therefore, ""A implies B"" and ""B implies A"" are false statements.","A classic case of deductive reasoning!

If A implies B (A → B), and B is false, we can conclude that A must also be false.

In other words, if A were true, then B would have to be true (by the implication A → B). But since B is actually false, A cannot be true. Therefore, A must be false.

This is known as ""modus tollens"" (Latin for ""denying the consequent""), a fundamental rule of inference in logic:

A → B
¬B
∴ ¬A

So, in this case, we can conclude that A is false.",2,1,"Answer B accurately applies the modus tollens rule in logic to conclude that if A implies B and B is false, then A must be false. Answer A introduces incorrect and confusing information, such as suggesting that if B is false, neither A nor B can be true, which is not a valid logical conclusion."
1,Find the roots of the quadratic equation x^2 - 5x + 6 = 0.,"To find the roots of the quadratic equation x^2 - 5x + 6 = 0, we can use the quadratic formula:

Root 1:
------------------------
   |                |       |
   |     (-5/3)^2    |   root 1 |
x + 6 = ((-5/3))^2 - 5 x + 6
                          |
               -----------
                        |
            --------------
             root 1          |
       x^2 - 5x + 6         |

Root 2:
------------------------
   |                |       |
   |     (-5/3)^2    |   root 2 |
x + 6 = ((-5/3))^2 - 5 x + 6
                          |
               -----------
                        |
            --------------
             root 2          |
       x^2 - 5x + 6         |

Both roots are equal to the square root of the numerator and denominator, respectively:

Root 1:
------------------------
   |                |       |
   |     (-5/3)^2    |   root 1 |
x + 6 = ((-5/3))^2 - 5 x + 6
                          |
               -----------
                        |
            --------------
             root 1          |
       x^2 - 5x + 6         |

Root 2:
------------------------
   |                |       |
   |     (-5/3)^2    |   root 2 |
x + 6 = ((-5/3))^2 - 5 x + 6
                          |
               -----------
                        |
            --------------
             root 2          |
       x^2 - 5x + 6         |

Therefore, the roots of this quadratic equation are:

Root 1:
------------------------
   |                |       |
   |     (-5/3)^2    |   root 1 |
x + 6 = ((-5/3))^2 - 5 x + 6
                          |
               -----------
                        |
            --------------
             root 1          |
       x^2 - 5x + 6         |

Root 2:
------------------------
   |                |       |
   |     (-5/3)^2    |   root 2 |
x + 6 = ((-5/3))^2 - 5 x + 6
                          |
               -----------
                        |
            --------------
             root 2          |
       x^2 - 5x + 6         |

Both roots are equal to the square root of the numerator and denominator, respectively:

Root 1:
------------------------
   |                |       |
   |     (-5/3)^2    |   root 1 |
x + 6 = ((-5/3))^2 - 5 x + 6
                          |
               -----------
                        |
            --------------
             root 1          |
       x^2 - 5x + 6         |

Root 2:
------------------------
   |                |       |
   |     (-5/3)^2    |   root 2 |
x + 6 = ((-5/3))^2 - 5 x + 6
                          |
               -----------
                        |
            --------------
             root 2          |
       x^2 - 5x + 6         |

So, the general form of the quadratic equation x^2 - px - q = 0 is given by:

Equation: x^2 - px - q = 0

Where:
- p and q are real numbers.
- p >= 0 (p >= 0)
- q >= 0 (q >= 0)

If both coefficients are nonzero, the equation has multiple solutions; each of which is given by:

Root 1:
------------------------
   |                |       |
   |     (-5/3)^2    |   root 1 |
x + 6 = ((-5/3))^2 - 5 x + 6
                          |
               -----------
                        |
            --------------
             root 1          |
       x^2 - 5x + 6         |

Root 2:
------------------------
   |                |       |
   |     (-5/3)^2    |   root 2 |
x + 6 = ((-5/3))^2 - 5 x + 6
                          |
               -----------
                        |
            --------------
             root 2          |
       x^2 - 5x + 6         |

Root 1:
------------------------
   |                |       |
   |     (-5/3)^2    |   root 1 |
x + 6 = ((-5/3))^2 - 5 x + 6
                          |
               -----------
                        |
            --------------
             root 1          |
       x^2 - 5x + 6         |

Root 2:
------------------------
   |                |       |
   |     (-5/3)^2    |   root 2 |
x + 6 = ((-5/3))^2 - 5 x + 6
                          |
               -----------
                        |
            --------------
             root 2          |
       x^2 - 5x + 6         |

Both roots are equal to the square root of the numerator and denominator, respectively:

Root 1:
------------------------
   |                |       |
   |     (-5/3)^2    |   root 1 |
x + 6 = ((-5/3))^2 - 5 x + 6
                          |
               -----------
                        |
            --------------
             root 1          |
       x^2 - 5x + 6         |

Root 2:
------------------------
   |                |       |
   |     (-5/3)^2    |   root 2 |
x + 6 = ((-5/3))^2 - 5 x + 6
                          |
               -----------
                        |
            --------------
             root 2          |
       x^2 - 5x + 6         |

So, the general form of the quadratic equation x^2 - px - q = 0 is given by:

Equation: x^2 - px - q = 0

Where:
- p and q are real numbers.
- p >= 0 (p >= 0)
- q >= 0 (q >= 0)

If both coefficients are nonzero, the equation has multiple solutions; each of which is given by:

Root 1:
------------------------
   |                |       |
   |     (-5/3)^2    |   root 1 |
x + 6 = ((-5/3))^2 - 5 x + 6
                          |
               -----------
                        |
            --------------
             root 1          |
       x^2 - 5x + 6         |

Root 2:
------------------------
   |                |       |
   |     (-5/3)^2    |   root 2 |
x + 6 = ((-5/3))^2 - 5 x + 6
                          |
               -----------
                        |
            --------------
             root 2          |
       x^2 - 5x + 6         |

Root 1:
------------------------
   |                |       |
   |     (-5/3)^2    |   root 1 |
x + 6 = ((-5/3))^2 - 5 x + 6
                          |
               -----------
                        |
            --------------
             root 1          |
       x^2 - 5x + 6         |

Root 2:
------------------------
   |                |       |
   |     (-5/3)^2    |   root 2 |
x + 6 = ((-5/3))^2 - 5 x + 6
                          |
               -----------
                        |
            --------------
             root 2          |
       x^2 - 5x + 6         |
","## Step 1: Identify the coefficients of the quadratic equation
The given quadratic equation is $x^2 - 5x + 6 = 0$. In a quadratic equation of the form $ax^2 + bx + c = 0$, here $a = 1$, $b = -5$, and $c = 6$.

## 2: Use the quadratic formula to find the roots
The quadratic formula is given by $x = \frac{-b \pm \sqrt{b^2 - 4ac}}{2a}$. Substituting the values of $a$, $b$, and $c$ into the formula, we get $x = \frac{-(-5) \pm \sqrt{(-5)^2 - 4 \cdot 1 \cdot 6}}{2 \cdot 1}$.

## 3: Simplify the expression under the square root
Simplifying inside the square root: $x = \frac{5 \pm \sqrt{25 - 24}}{2}$. This further simplifies to $x = \frac{5 \pm \sqrt{1}}{2}$.

## 4: Solve for both roots
Solving for both roots: $x = \frac{5 \pm 1}{2}$. So, the two roots are $x_1 = \frac{5 + 1}{2} = \frac{6}{2} = 3$ and $x_2 = \frac{5 - 1}{2} = \frac{4}{2} = 2$.

The final answer is: $\boxed{2, 3}$",2,1,"Answer A is overly repetitive and does not provide a clear, direct solution to the problem. It seems to be a jumbled collection of steps and formulas without a coherent or correct application to find the roots of the given quadratic equation. In contrast, Answer B clearly and correctly applies the quadratic formula to find the roots of the equation x^2 - 5x + 6 = 0, yielding the correct roots of 2 and 3."
2,What color do you get when you mix red and blue?,"When you mix red and blue, the resulting color will be purple, according to the formula:

Purple = (red + blue) / 2

For example, if you add the colors red (red + 0.5) and blue (blue + 1), you will get a purple color. This is because red (1 + 0.5) and blue (2 + 1) add up to equal 3 (1 + 1), which results in the following formula:

Purple = (3 + 0.5) / 2 = 1.5

So, purple is a color between red and blue, with a value of approximately 1.5.","When you mix red and blue, you get the color purple. The exact shade of purple will depend on the proportions of red and blue you use. If you use more red, the resulting color will be a warmer, reddish-purple. If you use more blue, the resulting color will be a cooler, bluer-purple.",0,0,-
3,Differentiate sin(x^2).,"Yes, I can definitely help you with that! Sin is the name of the second-highest natural logarithm in the logarithmic scale (log10), which is defined as:

sin(x) = x / ln(2)

To find out sin(x^2), we need to find the value of x when it is multiplied by itself, which is sin(y*x). Since y = 1/x, we have:

sin(y*x) = sin((y * ln(x)) / (ln(2)))

This can be rewritten as follows:

sin(y*x) = sin(ln(2)*(1/x)) / (ln(2) * y)

Therefore, the expression for sin(x^2) is:

sin(x^2) = sin(ln(2)*(1/x)) / (ln(2) * x)

This means that sin(x^2) is equal to the natural logarithm of the square root of 2 multiplied by x, which is also known as the hyperbolic sine function.","## Step 1: Identify the function to be differentiated
The function given is $f(x) = \sin(x^2)$. This is a composite function.

## 2: Apply the chain rule for differentiation
To differentiate $f(x) = \sin(x^2)$, we use the chain rule. The chain rule states that if $f(x) = g(h(x))$, then $f'(x) = g'(h(x)) \cdot h'(x)$. Here, $g(u) = \sin(u)$ and $h(x) = x^2$.

## 3: Differentiate the outer and inner functions
The derivative of $g(u) = \sin(u)$ with respect to $u$ is $g'(u) = \cos(u)$. The derivative of $h(x) = x^2$ with respect to $x$ is $h'(x) = 2x$.

## 4: Substitute the derivatives into the chain rule formula
Substituting $g'(u) = \cos(u)$ and $h'(x) = 2x$ into the chain rule formula, and remembering that $u = h(x) = x^2$, we get $f'(x) = \cos(x^2) \cdot 2x$.

## 5: Write the final derivative
Therefore, the derivative of $f(x) = \sin(x^2)$ is $f'(x) = 2x\cos(x^2)$.

The final answer is: $\boxed{2x\cos(x^2)}$",2,1,"Answer B correctly applies the chain rule for differentiation and provides a correct derivative of $2x\cos(x^2)$. Answer A contains incorrect information about the sine function and its relation to logarithms, and does not provide a correct differentiation."
4,Why is the sky blue during the day but red during sunset?,"The sky color on Earth changes from blue during the day to red at sunset due to a process called atmospheric reddening. During the daytime, light from the sun passes through the Earth's atmosphere, which is made up of gases such as oxygen and nitrogen. This gas absorbs certain wavelengths of light, reducing their ability to reach Earth. As a result, at night, when the Sun is high in the sky, the sky appears blue due to less sunlight being absorbed by the atmosphere than during the daytime, resulting in brighter, more yellowish colors. At sunset, however, when the Sun is low on the horizon, the light from the Sun's setting is reflected back into Earth's atmosphere and reddened, making the sky appear reddish-orange as seen from the ground.","The sky appears blue during the day and red during sunset due to a phenomenon called Rayleigh scattering, named after the British physicist Lord Rayleigh, who first described it in the late 19th century.

**Daytime Blue Sky:**

During the day, when the sun is overhead, the shorter (blue) wavelengths of light are scattered more than the longer (red) wavelengths by the tiny molecules of gases in the Earth's atmosphere, such as nitrogen (N2) and oxygen (O2). This scattering effect is known as Rayleigh scattering.

Here's what happens:

1. Sunlight enters the Earth's atmosphere, composed of all wavelengths of visible light (ROYGBIV: red, orange, yellow, green, blue, indigo, and violet).
2. The shorter wavelengths (blue and violet) are scattered in all directions by the tiny gas molecules.
3. The scattered blue light is then dispersed throughout the atmosphere, reaching our eyes from all directions.
4. As a result, the sky appears blue during the day, as our eyes perceive the scattered blue light.

**Sunset Redness:**

Now, let's consider what happens during sunset:

1. As the sun sets, the sun's rays have to travel longer distances through the Earth's atmosphere to reach our eyes.
2. This increased distance means that more of the shorter wavelengths (blue and violet) are scattered away, leaving mainly the longer wavelengths (red, orange, and yellow) to reach our eyes.
3. Additionally, the atmosphere scatters the shorter wavelengths more than the longer wavelengths, so the blue and violet light is dispersed and removed from the direct path of the sun's rays.
4. The remaining longer wavelengths, predominantly red and orange, are what we see, giving the sky its reddish hue during sunset.

**Other Factors:**

Some other factors can influence the color of the sunset, such as:

* Atmospheric conditions: Dust, pollution, and water vapor can scatter light and change the apparent color of the sunset.
* Cloud cover: Clouds can reflect and scatter light, affecting the color of the sunset.
* Angle of the sun: The sun's angle and position can influence the amount of scattering that occurs.

In summary, the sky appears blue during the day due to Rayleigh scattering of shorter wavelengths, while the sky appears red during sunset due to the scattering away of shorter wavelengths and the dominance of longer wavelengths.",2,0,"Answer B provides a more accurate and detailed explanation of the phenomenon, correctly describing Rayleigh scattering and its effects on light during the day and at sunset. Answer A contains some inaccuracies, such as stating the sky appears blue at night and incorrectly describing the reddening process."
5,What shape has four equal sides?,"There is no specific shape that has four equal sides. The shape ""4"" refers to the number of sides in a regular polygon, which can have any shape or size. There are many shapes that can be used to form regular polygons with 4 sides: triangles, hexagons, pentagons, and so on. So there is no definite shape that has exactly four equal sides, but all regular polygons with n sides (where n is any positive integer) will have at least one side of length 1 (the opposite edge).","The shape that has four equal sides is called a square. In a square, all four sides are of equal length, and all internal angles are right angles (90 degrees). 

However, it's worth noting that a rhombus also has four equal sides, but its internal angles are not necessarily right angles. So, while all squares are rhombuses, not all rhombuses are squares.",0,0,-
6,What causes lightning during a storm?,"Lightning is caused by the discharge of electricity that occurs when there's an ionizing charge (a positive or negative charge) in the atmosphere, known as a cloud-to-ground (C-G) lightning storm. It typically happens during thunderstorms but can also occur in other types of atmospheric conditions like rainstorms or hurricanes.

During a C-G lightning storm, an electrical charge is deposited by high-velocity charged particles (e.g., ions) from a thundercloud's base to the ground. This causes the cloud and the surface it comes into contact with to get hotter, which can result in air currents and turbulence, which can increase wind speed at higher elevations while decreasing it at lower elevations, causing gusts of wind or downpours that produce lightning.

The amount and type of cloud-to-ground lightning that occurs in a storm depends on several factors like the intensity of the thunderstorm, the altitude of the cloud, and the location within the atmosphere.","## Causes of Lightning During a Storm

Lightning is a fascinating and complex phenomenon that occurs during thunderstorms. The primary cause of lightning is the buildup of electrical charges within cumulonimbus clouds, also known as thunderstorm clouds.

### The Process of Lightning Formation

The process of lightning formation can be broken down into the following steps:

1. **Ice and Water Collide**: Within cumulonimbus clouds, warm air rises and cools, causing the water vapor to condense into droplets. As these droplets rise and fall through the cloud, they collide with ice crystals, such as hailstones or graupel. These collisions transfer electrons from the ice crystals to the water droplets, creating a separation of electrical charges within the cloud.
2. **Charge Separation**: The upper part of the cloud becomes positively charged, while the lower part of the cloud and the ground become negatively charged. This separation of charges creates an electric field between the cloud and the ground.
3. **Leader Stroke**: As the electric field strengthens, a channel of ionized air, called a leader, begins to form between the cloud and the ground. The leader is a path of least resistance for the electrical discharge.
4. **Return Stroke**: Once the leader reaches the ground, a massive surge of electricity, known as the return stroke, flows through the leader channel and back to the cloud. This is the bright flash of light we see as lightning.
5. **Thunder**: As the return stroke travels through the air, it heats the air around it, creating a shockwave that produces the sound we know as thunder.

### Factors Contributing to Lightning

Several factors contribute to the formation of lightning, including:

* **Instability in the Atmosphere**: Warm air rising rapidly and cool air sinking create areas of low pressure near the ground and high pressure above, leading to the formation of cumulonimbus clouds.
* **Moisture**: High levels of moisture in the atmosphere allow for the formation of large water droplets and ice crystals, which are essential for charge separation.
* **Wind Shear**: Changes in wind speed and direction with height can contribute to the development of cumulonimbus clouds and the separation of electrical charges.

### Conclusion

In summary, lightning is caused by the buildup of electrical charges within cumulonimbus clouds, which is triggered by the collision of ice and water droplets, leading to a separation of charges and the formation of a leader stroke and return stroke. The combination of instability in the atmosphere, moisture, and wind shear all contribute to the formation of lightning during a storm.",2,0,"Answer B provides a more detailed and accurate explanation of the process of lightning formation, including the steps involved in charge separation, leader stroke, and return stroke. It also discusses the factors contributing to lightning, such as instability in the atmosphere, moisture, and wind shear. Answer A is more general and contains some inaccuracies, such as the description of the cloud-to-ground lightning storm and the role of high-velocity charged particles. Neither answer contains significant hallucinations."
7,Name the largest planet in our solar system.,"The largest planet in our solar system is Jupiter, which spans an area roughly three times larger than Earth's.",The best answer is Jupiter,0,0,-
8,What is the freezing point of water in Celsius?,"In Celsius (°C), the freezing point of water is 0 degrees. This is because the melting point of water, at standard pressure and atmospheric conditions, is -273.15 degrees. The Fahrenheit (°F) scale also has a freezing point of -273.15 degrees.",The freezing point of water is 0 degrees Celsius (°C).,0,0,-
9,All mammals have lungs. Dolphins are mammals. Do dolphins have lungs?,"No, dolphins do not have lung-like structures similar to those found in mammals such as lungs or air sacs. Dolphins have a specialized buoyancy-based respiratory system that involves breathing in and out of the water using a series of suction cup-like flippers called pectoral fins. The flippers function like wings, allowing dolphins to swim, hunt for food, and communicate with other dolphins.","Yes, dolphins have lungs. As mammals, they are air-breathing animals and require lungs to breathe air. However, dolphins are adapted to living in water and have evolved to hold their breath for extended periods. They have a few adaptations that allow them to conserve oxygen while underwater:

1. **Lungs are not as rigid as in land mammals**: Dolphins' lungs are more flexible and can collapse under pressure, allowing them to conserve space and reduce the volume of air in their lungs.
2. **Efficient gas exchange**: Dolphins have a highly efficient gas exchange system, which allows them to extract oxygen from the air quickly and efficiently.
3. **Myoglobin-rich muscles**: Dolphins have muscles rich in myoglobin, which stores oxygen for later use, allowing them to conserve energy while underwater.

Although dolphins have lungs, they do not use them like land mammals do. They surface regularly to take in air, and their lungs are adapted to extract oxygen from the air quickly and efficiently. When they dive, their lungs collapse, and they rely on stored oxygen and anaerobic metabolism to sustain themselves.

So, to summarize: yes, dolphins have lungs, but they are highly adapted to their aquatic environment and have evolved unique physiological features to conserve oxygen while underwater.",2,1,"Answer B accurately describes dolphins as mammals with lungs, adapted for aquatic life. Answer A is incorrect and hallucinates about dolphins not having lungs and having suction cup-like flippers."
10,What gas do humans breathe in to survive?,"Humans breathe in oxygen through their lungs, which contains two gases: oxygen (O2) and nitrogen (N2). This mixture is essential for the normal functioning of our bodies. The ratio of oxygen to nitrogen (the percent oxygen content or POC) in air varies depending on the location where we live. In coastal regions with high winds, air can be 30% saturated with oxygen while at sea level it is usually around 15-20%.

As humans breathe in air, they take in carbon dioxide (CO2) and water vapor (H2O), which are released back into the atmosphere. This process of respiration (breathing) is an essential part of the human metabolism. It allows for the synthesis of energy-rich glucose from food, as well as the removal of waste products.",The best answer is Oxygen,0,0,-
11,What shape has four equal sides?,"Four equal sides have a regular tetrahedron shape, where each vertex is equidistant from all six other vertices in the tetrahedron. This shape represents four equal sides of a cube or pyramid, which can be seen as a three-dimensional shape with flat faces.","The shape that has four equal sides is a square. A square is a type of quadrilateral where all four sides are of equal length, and all internal angles are right angles (90 degrees). 

However, it's worth noting that a rhombus is another type of quadrilateral that also has four equal sides, but its internal angles are not necessarily right angles. So, while all squares are rhombuses, not all rhombuses are squares.",0,0,-
12,What is the capital of France?,"The capital of France is Paris, located in the Île-de-France region.",The capital of France is Paris.,0,0,-
13,How many legs does a spider have?,"A spider has four legs, which corresponds to its arthropod phyla classification. In contrast, a centipede or millipede has eight legs, and a dragonfly has ten legs.",A spider has eight legs.,0,0,-
14,"If A and B are true, and C is false, is A AND C true or false?","If A and B are true, and C is false, then C can not be true (because if it is true, it must follow from both A and B being true), so A AND C is also true. Conversely, if A and B are true, and C is true, then C follows from either A or B being true. In other words, A AND C is the logical conjunction of A and B, which is true if and only if they both are true.","In logic, the AND operator requires both statements to be true for the result to be true.

Given:
- A is true
- B is true (but B is not part of the statement)
- C is false

The statement in question is A AND C.

Since A is true but C is false, A AND C is false.

So, the answer is: false.",2,1,"Answer B directly and correctly applies the logical AND operator to the given conditions, concluding that A AND C is false because C is false. Answer A introduces incorrect logic by suggesting A AND C could be true under the given conditions and misinterprets how the truth of A and B influences the truth of C in the context of A AND C."
15,What is the derivative of ln(x^2 + 1)?,"The derivative of ln(x^2 + 1) is:

ln(x^2 + 1)/(x^2) = -ln(x^2) - 1/2 * x * log(x) / (x^2)

Here's an example to illustrate:

Let's take the derivative of 4log(2 + 3) at x=5:

ln(4) + ln(3) = -ln(2) + 1/2 * (-3) * log(5) / (5^2) = 0.6931 / 0.5 = 1.5

So the derivative of 4log(2+3) is:

-1.5 * ln(4 + 3) / (4*3^2) = -ln(4) + ln(3) / (4*3^2) = -0.9162/4

The derivative of the function ln(x^2 + 1) at x=0 is:

-ln(x^2 + 1) / (x^2 + 1) = -ln(x) / (x + 1) = -ln(1) / 1 = 0

So the derivative of ln(x^2+1) at x=0 is:

-l/d(ln(x^2+1)) = -1 * -l/dx = 0

Therefore, the derivative of ln(x^2 + 1) is:

-ln(x^2 + 1)/(x^2 + 1) = -ln(1)*1 / (1 + 1)^2 = 0

So ln(x^2+1)/(x^2+1) is the derivative of ln(x^2+1).","To find the derivative of ln(x^2 + 1), we'll use the chain rule. 

The derivative of ln(u) is 1/u * du/dx.

Let u = x^2 + 1. 

The derivative of u is du/dx = d(x^2 + 1)/dx = 2x.

So, the derivative of ln(x^2 + 1) is:

d(ln(x^2 + 1))/dx = 1/(x^2 + 1) * d(x^2 + 1)/dx
= 1/(x^2 + 1) * 2x
= 2x / (x^2 + 1)

Therefore, the derivative of ln(x^2 + 1) is 2x / (x^2 + 1).",2,1,"Answer B correctly applies the chain rule to find the derivative of ln(x^2 + 1) as 2x / (x^2 + 1). Answer A contains incorrect and confusing steps, and its final formula is incorrect. Answer A also includes irrelevant examples and misapplications of logarithmic properties, indicating hallucination."
16,How does photosynthesis work in plants?,"Photosynthesis is the process by which plants convert light into chemical energy (glucose) through the combination of water and carbon dioxide (CO2) to produce oxygen (O2). The process is primarily accomplished through a series of enzymatic reactions that require light, water, and carbon dioxide as fuel.

Plants use chlorophyll, which absorbs light energy, to capture CO2 from the atmosphere. Chlorophyll then converts the CO2 into glucose (C6H12O6), which is used by other plant cells through a process called assimilation (also known as photosynthesis). The glucose produced during photosynthesis is then used for growth, reproduction, and storage in the form of starch or glycogen.

In addition to photosynthesis, plants also use other processes such as biomass burning, hydrothermal activity, and ecosystem carbon fixation (from decaying organic matter) to convert CO2 into C6H12O6 for photosynthesis. This process is called photorespiration or photodisruption.

Overall, plants use light, water, and carbon dioxide to convert light energy into chemical energy for growth, reproduction, and storage in the form of glucose (C6H12O6).","Photosynthesis! It's the fascinating process by which plants, algae, and some bacteria convert light energy from the sun into chemical energy in the form of glucose, releasing oxygen as a byproduct. Here's a step-by-step explanation of how photosynthesis works in plants:

**The Overall Equation:**
6 CO2 (carbon dioxide) + 6 H2O (water) + light energy → C6H12O6 (glucose) + 6 O2 (oxygen)

**The Process:**

**Stage 1: Light-Dependent Reactions (Light-Harvesting Complex)**

1. **Light absorption**: Light is absorbed by pigments such as chlorophyll and other accessory pigments in the thylakoid membrane of chloroplasts.
2. **Energy transfer**: The absorbed light energy is transferred to a special molecule called an electron acceptor, which initiates a series of electron transfer reactions.
3. **Electron transport chain**: The energy from light is used to generate a proton gradient across the thylakoid membrane, creating a high concentration of protons (H+ ions) on one side.
4. **ATP synthesis**: The energy from the proton gradient is used to produce ATP from ADP (adenosine diphosphate) and Pi (inorganic phosphate).

**Stage 2: Light-Independent Reactions (Calvin Cycle)**

1. **Carbon fixation**: CO2 is fixed into a 3-carbon molecule called 3-phosphoglycerate (3-PGA) via the enzyme RuBisCO (ribulose-1,5-bisphosphate carboxylase/oxygenase).
2. **Reduction**: 3-PGA is reduced to form glyceraldehyde-3-phosphate (G3P) using the ATP and NADPH produced in the light-dependent reactions.
3. **Regeneration**: The G3P molecules are used to regenerate the RuBP (ribulose-1,5-bisphosphate) molecule, which is necessary for the cycle to continue.
4. **Glucose synthesis**: The G3P molecules are used to synthesize glucose (C6H12O6) through a series of reactions.

**Key Players:**

* **Chloroplasts**: Organelles found in plant cells where photosynthesis occurs.
* **Thylakoids**: Membranous structures within chloroplasts where light-dependent reactions take place.
* **Chlorophyll**: The green pigment that absorbs light energy and plays a central role in photosynthesis.
* **RuBisCO**: The enzyme responsible for carbon fixation in the Calvin cycle.

**Importance of Photosynthesis:**

* Produces glucose, which is used by plants as energy and building blocks for growth and development.
* Releases oxygen as a byproduct, which is essential for the survival of most living organisms.

In summary, photosynthesis is a complex process that involves the conversion of light energy into chemical energy, releasing oxygen as a byproduct. It's essential for plant growth and development, and ultimately supports life on Earth.",2,0,"Answer B provides a more detailed, clear, and accurate explanation of photosynthesis, including the overall equation, stages of the process, key players, and importance. Answer A is mostly correct but lacks depth and clarity, and contains some inaccuracies and redundancy."
17,What is the value of the infinite geometric series 1 + 1/2 + 1/4 + ...?,"The infinite geometric series 1 + 1/2 + 1/4 + ... can be written as:

 1 + 1/2 + 1/3 + ... = 1 + (-1)/6 - 1/5 + ...
  
This series is defined as the sum of a geometric series with common ratio 1/6 (i.e., 6/15) and a positive integer sequence of terms whose sum is infinite. Therefore, the series converges to a single number when evaluated at its limit:

  
  n = 0 + 1 + 2 + ... = (1 + 6/7)/(1 + 6/7 - 1/6) = (6+5)/(7-4) = 3 + 3/5

In other words, the sequence of terms in the infinite geometric series has limit: 3 + 0.875 or approximately 3.332.","## Step 1: Identify the type of series
The given series is an infinite geometric series. This means it is a series of the form $a + ar + ar^2 + ar^3 + \ldots$, where $a$ is the first term and $r$ is the common ratio.

## 2: Determine the first term and the common ratio
In the series $1 + \frac{1}{2} + \frac{1}{4} + \ldots$, the first term $a = 1$ and the common ratio $r = \frac{1}{2}$, since each term is obtained by multiplying the previous term by $\frac{1}{2}$.

## 3: Recall the formula for the sum of an infinite geometric series
The sum $S$ of an infinite geometric series is given by the formula $S = \frac{a}{1 - r}$, but this formula is valid only if $|r| < 1$. If $|r| \geq 1$, the series does not converge.

## 4: Check if the series converges
Given that $r = \frac{1}{2}$, we have $|r| = \frac{1}{2} < 1$. Therefore, the series converges.

## 5: Calculate the sum of the series
Using the formula $S = \frac{a}{1 - r}$ with $a = 1$ and $r = \frac{1}{2}$, we find $S = \frac{1}{1 - \frac{1}{2}} = \frac{1}{\frac{1}{2}} = 2$.

The final answer is: $\boxed{2}$",2,1,"Answer B correctly applies the formula for the sum of an infinite geometric series, S = a / (1 - r), where a = 1 and r = 1/2, yielding S = 2. Answer A incorrectly manipulates the series and provides an inaccurate solution. Answer A also contains hallucinations by incorrectly stating the series as 1 + 1/2 + 1/3 + ... and introducing unrelated terms."
18,"Gold is denser than aluminum. If two equal volumes are weighed, which is heavier?","If two equal volumes (mass) of an equal-weight substance such as air or water are weighed, the denser (heavier) substance will be weighed since it has a higher density. In this case, aluminum weighs more than air or water due to its higher density.","## Step 1: Understand the given information
Gold is denser than aluminum. This means that for the same volume, gold has more mass than aluminum.

## Step 2: Apply the concept of density
Density is defined as mass per unit volume. If two substances have the same volume but different densities, the one with the higher density will have more mass.

## Step 3: Compare the weights of equal volumes of gold and aluminum
Given that gold is denser than aluminum, when we have equal volumes of both, the gold will have a greater mass than the aluminum. Since weight is a measure of mass (under the influence of gravity, which is assumed constant here), the gold will weigh more than the aluminum.

The final answer is: $\boxed{Gold}$",2,0,"Answer B is more correct, clear, and directly addresses the question. It logically steps through the concept of density and its relation to mass and weight, concluding that gold, being denser, will weigh more than aluminum for equal volumes. Answer A is confusing and introduces unrelated substances like air or water."
19,The Nile flows through Egypt. Egypt is in Africa. What continent does the Nile flow through?,"Yes, it's correct. The Nilufer or Nil river (also known as Nilbe or Nile) in Egypt flows through North Africa and passes through two countries: Egypt and Sudan. However, Egypt is in Africa, while Sudan is in East Africa.","The Nile flows through Africa. Since Egypt is in Africa and the Nile flows through Egypt, it follows that the Nile flows through Africa.",2,0,"Answer B is more direct and logically correct without introducing incorrect information. It accurately concludes the continent the Nile flows through based on the given information. Answer A introduces unnecessary and partially incorrect details (e.g., 'Nilufer or Nil river', 'Nilbe', and 'East Africa' for Sudan)."
20,Name the process by which plants make food.,"The process by which plants make food is called photosynthesis. This process involves the conversion of sunlight into chemical energy in the form of glucose, the primary source of energy for plants and many other organisms.

Photosynthesis is a complex and multi-step process that begins when light enters the leaves of a plant. Light is reflected from the surface of the water or soil to which the leaf is attached. This light energy enters the plant through their stomata (small openings), and is absorbed by chlorophyll, which is located in the stroma.

Once absorbed, the light energy moves through a series of photosynthetic stages until it reaches the thylakoid membranes of chloroplasts inside the cells of the leaf. Here, the light energy is used to generate ATP (adenosine triphosphate) and NADPH (nicotinamide adenine dinucleotide phosphate), which are stored in the plant's cell walls.

The stored energy, along with the water from the stomata, moves through the thylakoid membranes to a region called the tonoplast, where it is used to create glucose molecules. The glucose molecules then travel to the stroma of the cell, where they are used by other organelles and cells within the plant.

In summary, photosynthesis involves the conversion of light energy into chemical energy in the form of glucose through a series of steps involving chlorophyll, thylakoid membranes, and the tonoplast region of the cell.","## Step 1: Identify the process by which plants make food
The process by which plants make food is known as photosynthesis. This process involves the conversion of light energy into chemical energy.

## Step 2: Recall the basic requirements for photosynthesis
Photosynthesis requires water, carbon dioxide, and light energy, typically from the sun. It produces glucose (a type of sugar that serves as food for the plant) and oxygen as byproducts.

## 3: Confirm the scientific term for the process
The scientific term for the process by which plants make their food is photosynthesis.

The final answer is: Photosynthesis",0,0,-
21,"If all wugs are zogs, and no zogs are plims, can a wug be a plim?","No, a wug cannot be a plim since wugs have zero sensitivity to gravity. Plims, on the other hand, are typically defined as ""a weightless entity that has no gravitational pull."" A wug is not a weightless entity and therefore cannot satisfy this definition.","Based on the given information:

1. All wugs are zogs.
2. No zogs are plims.

We can conclude that wugs are a subset of zogs, and zogs are a set that does not overlap with plims.

Since wugs are a subset of zogs, and zogs do not overlap with plims, it logically follows that wugs cannot be plims.

Therefore, a wug cannot be a plim.",2,1,"Answer B logically and correctly concludes that a wug cannot be a plim based on the given premises without introducing unrelated and incorrect information. Answer A introduces hallucinated information about wugs having 'zero sensitivity to gravity' and plims being 'a weightless entity that has no gravitational pull,' which is not present in the premises."
22,Tom has fewer apples than Jerry. Jerry has fewer apples than Sam. Who has the most apples?,"There is no such thing as ""more"" or ""less"" in the context of ""apple"" compared to other items. Therefore, Tom has fewer apple pieces than Jerry and Sam, who have more apple pieces each. However, depending on how apples are packaged and labeled, Tom may have a greater quantity of apple pieces than some others due to manufacturing or labeling differences.","## Step 1: Understand the relationship between Tom, Jerry, and Sam's apples.
We know that Tom has fewer apples than Jerry, and Jerry has fewer apples than Sam. This sets up a relationship where Tom < Jerry < Sam in terms of the number of apples each has.

## 2: Determine who has the most apples based on the relationship.
Given the relationship Tom < Jerry < Sam, it's clear that Sam has the most apples since both Tom and Jerry have fewer apples than Sam.

The final answer is: $\boxed{Sam}$",2,1,"Answer B directly and correctly addresses the prompt's question based on the given relationships. Answer A introduces irrelevant and confusing information about apple packaging and labeling, and misinterprets the question. Answer A also contains elements of hallucination by introducing unrelated concepts."
23,"If it rains, the picnic is canceled. The picnic is not canceled. Did it rain?","Yes, it rained. The picnic is cancelled because of heavy rain. It could be interpreted in a different way though depending on your context and perspective: 
- If you had just finished the sentence ""if it rains"" and were about to say ""the picnic will be cancelled"", then the question mark after ""if it rains"" would indicate that the previous sentence is irrelevant and should not be taken into consideration. However, if you had just finished the sentence ""if it rains, the picnic is cancelled"" without the question mark, it could mean that the rain has already started or that the discussion of the weather was not related to the event happening later on in the text.","## Step 1: Understand the given conditions
The problem states two conditions: (1) If it rains, the picnic is canceled. (2) The picnic is not canceled. We need to determine if it rained based on these conditions.

## Step 2: Apply logical reasoning
Let's denote ""it rains"" as R and ""the picnic is canceled"" as C. The first condition can be represented as R → C (if it rains, then the picnic is canceled). The second condition states that the picnic is not canceled, which can be represented as ¬C (not C).

## 3: Analyze the implications
Given R → C, if R is true (it rains), then C must be true (the picnic is canceled). However, we know ¬C (the picnic is not canceled). If ¬C is true, then R must be false because if R were true, C would have to be true, which contradicts ¬C.

## 4: Draw a conclusion
Since the picnic is not canceled (¬C), and given the condition that if it rains the picnic is canceled (R → C), the only way ¬C can be true is if R is false. This means it did not rain.

The final answer is: $\boxed{No}$",2,1,"Answer B is correct, logical, and clear. It properly applies conditional logic to conclude it did not rain. Answer A incorrectly concludes it rained and introduces irrelevant context."
24,Plants produce oxygen. Humans need oxygen. Why are plants important for humans?,"Plants provide us with several important benefits, and they are actually essential for our survival:

1. Food: Plants provide us with food through seeds or fruits. This is because all living organisms depend on the availability of carbohydrates (or other substances) as a source of energy. In humans, consuming plants can help in maintaining good health and reducing the risk of diseases.

2. Water: Plants need water to survive and grow, just like any living organism. Without sufficient moisture, plants cannot thrive, which can lead to soil degradation and nutrient deficiencies. It is essential for our survival as well, as we rely on the quality of the environment for our existence.

3. Soil: Plants require soil for their growth. They absorb water and nutrients from the soil through their roots, which help in sustaining them. The minerals, nutrients, and organic matter stored in soil support plant life and provide a stable ecosystem for all organisms that live there.

4. Nutrition: Plants also serve as a food source for animals, birds, and insects. Animals that eat plants provide essential nutrients for their survival. Plants are an important source of protein, vitamins, minerals, and antioxidants for human beings.

In summary, plants provide us with food, water, soil, and a stable ecosystem, all of which are necessary for our survival.","Plants are crucial for human survival, and their importance extends far beyond just producing oxygen. Here are some reasons why plants are essential for humans:

1. **Oxygen production**: As you mentioned, plants produce oxygen through photosynthesis, which is the process by which they convert sunlight, water, and carbon dioxide into glucose and oxygen. This oxygen is released into the atmosphere, making it possible for humans and other animals to breathe.
2. **Food source**: Plants are the primary source of food for humans, either directly or indirectly. They produce fruits, vegetables, grains, and legumes that are rich in nutrients, fiber, and energy. Many animals, such as cows, pigs, and chickens, rely on plants for food, and humans consume these animals as a source of protein.
3. **Water cycle regulation**: Plants play a critical role in regulating the water cycle. They absorb water from the soil and release it into the atmosphere through transpiration, which helps to form clouds and precipitation. This process helps maintain the Earth's water balance and ensures that we have a stable supply of freshwater.
4. **Soil erosion prevention**: Plant roots hold soil in place, preventing erosion and landslides. This helps maintain soil quality, prevents sedimentation in waterways, and ensures that soil remains fertile for future agricultural use.
5. **Climate regulation**: Plants absorb carbon dioxide, a greenhouse gas that contributes to climate change, and store it in their biomass and soil. This helps regulate the Earth's climate and mitigate the effects of global warming.
6. **Medicinal resources**: Plants have been a source of medicine for thousands of years. Many modern medicines are derived from plants, and they continue to be an important source of new treatments and cures.
7. **Air purification**: Plants absorb pollutants and particulate matter from the air, improving air quality and human health.
8. **Habitat creation**: Plants provide habitat for a vast array of animals, from insects to mammals, and support biodiversity.
9. **Soil improvement**: Plants help improve soil quality through their roots, which break up compacted soil and add organic matter.
10. **Aesthetic and recreational value**: Plants provide beauty, recreation, and inspiration for humans, from parks and gardens to forests and wildflower meadows.

In summary, plants are essential for human survival and well-being, providing oxygen, food, water, soil stability, climate regulation, medicine, air purification, habitat creation, soil improvement, and aesthetic value.",2,0,"Answer B provides a more comprehensive and accurate list of reasons why plants are important for humans, including oxygen production, food source, water cycle regulation, soil erosion prevention, climate regulation, medicinal resources, air purification, habitat creation, soil improvement, and aesthetic value. Answer A is more general and lacks the depth and clarity of Answer B."
25,What gas do humans breathe in to survive?,"Humans breathe in carbon dioxide (CO2) and oxygen (O2). The amount of CO2 that we exhale depends on our activity levels, metabolism, and the type of food we consume. Inactivity or low energy expenditure results in more carbon dioxide being produced by the body than is removed during breathing, while high energy expenditure leads to more oxygen being produced. Higher oxygen consumption, therefore, results in a higher percentage of O2 being exhaled compared to CO2.",The best answer is Oxygen,0,0,-
26,Bacteria can cause infections. Antibiotics kill bacteria. Why are antibiotics used for infections?,"Antibiotics, also known as antimicrobial agents, are widely used to treat bacterial infections. However, bacteria can also cause infectious diseases that require specific treatment methods based on their properties and molecular structures. Bacteria are naturally resistant to most antibiotics, but some bacteria have acquired resistance to these drugs through mutation or exposure to certain conditions.

For infected individuals, anti-biotics are used to treat infectious diseases like staph infections, tuberculosis, and pneumonia, among others. The use of antibiotics is still crucial for treating bacterial infections because they help kill the bacteria that cause these infections, reducing their growth and proliferation, thus preventing further spread and promoting healing.

Anti-biotics are not effective against all bacteria, however. These drugs target specific bacterial structures or molecular processes, while other bacteria can evade the anti-bacterial effects of these drugs. In some cases, it may be necessary to use alternative therapies for infectious diseases that require specific treatment methods.","## Step 1: Understanding the role of antibiotics
Antibiotics are used to treat infections caused by bacteria. They work by either killing or inhibiting the growth of bacteria.

## Step 2: Identifying the target of antibiotics
Antibiotics specifically target bacteria, not viruses or other types of microorganisms. This is crucial because viral infections, such as the common cold or flu, do not respond to antibiotics.

## Step 3: Explaining the effectiveness of antibiotics
When bacteria cause an infection, antibiotics can be effective in eliminating the bacteria, thereby curing the infection. This is why antibiotics are prescribed for bacterial infections such as strep throat, urinary tract infections, and pneumonia.

## Step 4: Highlighting the importance of antibiotic use
The use of antibiotics has revolutionized the treatment of bacterial infections, significantly reducing morbidity and mortality rates. However, the overuse or misuse of antibiotics can lead to antibiotic resistance, making them less effective against certain bacteria.

## Conclusion
Antibiotics are used for infections caused by bacteria because they can effectively kill or inhibit the growth of these microorganisms, thereby curing the infection.",2,0,"Answer B provides a clearer, more concise, and accurate explanation of why antibiotics are used for infections. It directly addresses the prompt and effectively communicates the role of antibiotics in treating bacterial infections without introducing unnecessary or incorrect information. Answer A, while informative, includes some inaccuracies and tangential information, such as the statement that 'bacteria are naturally resistant to most antibiotics,' which is not entirely accurate. Answer B also structures the information in a logical and easy-to-follow manner."
27,Prove that a number divisible by 6 is divisible by both 2 and 3.,"To prove that a number divisible by 6 is divisible by both 2 and 3, we need to check whether the remainder when divided by 3 is even or odd.

Let's consider the following numbers:
- 25 (divided by 3): 25 % 3 = 0 (remainder is zero)
- 17 (divided by 3): 17 % 3 = -1 (remainder is negative)

So, 25 is divisible by both 2 and 3. Similarly, 17 is divisible by both 2 and 3.

Since these are the only two numbers that can be divided by both 2 and 3, we can conclude that a number N that is divisible by 6 but not both 2 and 3 is not divisible by any prime number. Therefore, all positive integers are divisible by at least one prime number.","## Step 1: Understand what it means for a number to be divisible by 6
To be divisible by 6, a number must be divisible by both 2 and 3, as 6 is the product of 2 and 3. This is based on the definition of divisibility and the properties of integers.

## 2: Recall the definition of divisibility
A number $a$ is divisible by another number $b$ if there exists an integer $k$ such that $a = bk$. For a number to be divisible by 6, it means there exists an integer $k$ such that $a = 6k$.

## 3: Prove divisibility by 2
If $a$ is divisible by 6, then $a = 6k$ for some integer $k$. This can be rewritten as $a = 2(3k)$. Since $3k$ is an integer (because the product of integers is an integer), $a$ is divisible by 2.

## 4: Prove divisibility by 3
Similarly, if $a$ is divisible by 6, then $a = 6k$ for some integer $k$. This can also be rewritten as $a = 3(2k)$. Since $2k$ is an integer (because the product of integers is an integer), $a$ is divisible by 3.

## 5: Conclusion
Given that a number divisible by 6 can be expressed as $a = 6k$, and this implies $a = 2(3k)$ and $a = 3(2k)$, it follows that $a$ is divisible by both 2 and 3.

The final answer is: $\boxed{True}$",2,1,"Answer B provides a clear, step-by-step mathematical proof that a number divisible by 6 is divisible by both 2 and 3, using the definition of divisibility. Answer A is incorrect and contains hallucinations, as it incorrectly checks divisibility with examples and makes unrelated conclusions about prime numbers."
28,What is 5 + 3?,5 + 3 = 8,5 + 3 = 8.,0,0,-
29,Evaluate the integral of 2x dx.,"Let's evaluate the integral:

$$\int_{0}^{1} {2x \over x^2} \,dx = \int_0^1 {{2x} \over {(x^2 + 1)^2}} \,dx$$

The first step is to set up the integral and define our domain as $0 < x < 1$.

Now, we are ready to integrate:

$$\int_{0}^{1} {2x \over (x^2 + 1)^2}\,dx = \frac{2}{\sqrt{3}} \int_0^1 {{(1+x)}^2 \over {(1+x)(1-x)^2}}\, dx$$

This is a standard integral that we can evaluate using the substitution $u= (1+x)$ and $v = 1 - x$.

We get:

$$\int_0^1 {{(1+x)}^2 \over {(1+x)(1-x)^2}}\, dx = \frac{4}{\sqrt{3}} \int_0^1 {{x}^2 \over (1 + x)^3} \,dx$$

The integral is a well-known formula for the area of a triangle with base $AB$ and height $HA$.

Here are some common forms of this formula:

- $$A = 3\sqrt{3}$$
- $$BA = 6\sqrt{5} = \frac{\sqrt{12}}{3}$$
- $$H^2 = 8\pi$$

So, by substituting our values for $x$ and $u$, we get:

$$\int_0^1 {{(1+x)}^2 \over {(1+x)(1-x)^2}}\, dx = \frac{4}{\sqrt{3}} \left[\frac{\sqrt{5}}{3} + \sqrt[3]{8}\left(\frac{1}{3} - \frac{1}{9}\right)\right]$$

Finally, we get:

$$I = \int_0^1 {{(1+x)}^2 \over {(1+x)(1-x)^2}}\, dx = \frac{4}{\sqrt{3}} \left[\frac{\sqrt[3]{8}}{3} + \sqrt[6]{5}\left(\frac{1}{6} - \frac{1}{90}\right)\right]$$

This value of $I$ can be used to evaluate the area of a triangle, given the height and base lengths.","## Step 1: Recall the basic integration rule for x^n
The integral of $x^n$ with respect to $x$ is $\frac{x^{n+1}}{n+1} + C$, where $n$ is a constant and $C$ is the constant of integration.

## 2: Apply the integration rule to the given function 2x
For the function $2x$, $n = 1$. So, the integral of $2x$ with respect to $x$ is $2 \cdot \frac{x^{1+1}}{1+1} + C = 2 \cdot \frac{x^2}{2} + C = x^2 + C$.

## 3: Provide the final integral
The integral of $2x$ $dx$ is $x^2 + C$.

The final answer is: $\boxed{x^2 + C}$",2,1,"Answer A incorrectly states the integral, introduces irrelevant formulas, and makes incorrect substitutions. Answer B correctly applies basic integration rules to find the integral of 2x dx as x^2 + C."
30,Why does the boiling point of water decrease at higher altitudes?,"The boiling point of water, also known as the boiling point temperature or normal boiling point, is the highest temperature at which water can be considered to have a substance that is capable of vaporizing into steam. In general, higher altitude temperatures result in colder temperatures due to the fact that air becomes cooler at higher altitudes. At higher altitudes, there are fewer clouds, and the air becomes drier, resulting in lower relative humidity levels. This leads to a lower boiling point temperature as compared to the same pressure level at sea level. 

For example, the boiling point of water at sea level is approximately 100 degrees Fahrenheit or 48 degrees Celsius. In contrast, at 5,000 feet (1,524 meters) above sea level, the boiling point temperature drops to around 93 degrees Fahrenheit or 34 degrees Celsius due to the lower air pressure and higher relative humidity levels. As a result, water can only vaporize at temperatures below its boiling point at altitude, resulting in the formation of steam.","## Step 1: Understand the relationship between atmospheric pressure and altitude
At higher altitudes, the atmospheric pressure decreases. This is because as altitude increases, the amount of air above a given point decreases, leading to lower pressure.

## Step 2: Recall the definition of boiling point
The boiling point of a liquid is the temperature at which the vapor pressure of the liquid equals the atmospheric pressure. This means that for water to boil, its vapor pressure must equal the surrounding atmospheric pressure.

## Step3: Analyze how decreased atmospheric pressure affects the boiling point of water
Since atmospheric pressure decreases at higher altitudes, the vapor pressure of water can equal the atmospheric pressure at a lower temperature. Therefore, water boils at a lower temperature at higher altitudes.

## Step 4: Provide a specific example
For instance, at sea level, atmospheric pressure is about 760 mmHg, and water boils at 100°C. At higher altitudes, such as in La Paz, Bolivia, which is about 3,640 meters above sea level, atmospheric pressure is significantly lower (about 485 mmHg), and water boils at approximately 85°C.

The final answer is: $\boxed{85}$",2,1,"Answer B provides a clear, step-by-step explanation of why the boiling point of water decreases at higher altitudes, correctly identifying the relationship between atmospheric pressure and boiling point. In contrast, Answer A contains inaccuracies, such as mentioning 'higher relative humidity levels' at higher altitudes and incorrectly stating that water can only vaporize at temperatures below its boiling point at altitude. These errors indicate that Answer A is hallucinated."
31,Why does sound travel faster in solids than in gases?,"Sound travels at the same speed, regardless of its medium of transmission, whether it is a liquid or a gas. The speed of sound (also called the velocity of sound) depends on the frequency and pressure of the wave. The speed of sound is not dependent on the medium through which the wave travels, but rather on the frequency and the amplitude of the wave.

In solids, such as a solid block or a cube, sound waves have high frequencies (i.e., high energy) that are reflected back to their originating point as they bounce off the surface of the object. These sound waves travel at a constant speed, regardless of whether the medium is gas or liquid. On the other hand, in gases, such as a cloud of air or a gas mixture, sound waves have low frequencies (i.e., lower energy) that are absorbed or scattered by molecules within the medium. As a result, these sound waves travel at different speeds depending on their medium of transmission, with higher frequency waves traveling faster than lower frequency waves.

In short, sound in solids travels at the same speed regardless of its medium, while it travels slower in gases due to absorption or scattering by molecules within the medium.","## Step 1: Understand the basics of sound travel
Sound travels through a medium by transferring energy from one particle to another. The speed of sound in a medium depends on the properties of that medium.

## Step 2: Identify key factors affecting sound speed
The key factors that affect the speed of sound in a medium are the elasticity (or stiffness) of the medium and its density. The elasticity of a medium is a measure of how much it resists compression and deformation.

## 3: Compare the properties of solids and gases
Solids have a higher elasticity and a higher density compared to gases. In solids, molecules are closely packed, which allows for efficient transfer of energy from one molecule to another. This close packing also means that solids are more resistant to compression, contributing to their higher elasticity.

## 4: Relate elasticity and density to sound speed
The speed of sound in a medium is given by the formula $v = \sqrt{\frac{B}{\rho}}$, where $v$ is the speed of sound, $B$ is the bulk modulus of the medium (a measure of its elasticity), and $\rho$ is its density. Although solids have a higher density than gases, their bulk modulus (elasticity) is significantly higher.

## 5: Explain why sound travels faster in solids
Given that the bulk modulus $B$ of solids is much larger than that of gases, and considering the formula $v = \sqrt{\frac{B}{\rho}}$, the higher elasticity (bulk modulus) of solids compared to gases results in a higher speed of sound in solids, even though solids are denser.

The final answer is: $\boxed{No specific numerical answer, but sound travels faster in solids than in gases due to the higher elasticity of solids.}$",2,1,"Answer B provides a correct and detailed explanation of why sound travels faster in solids than in gases, citing the properties of elasticity and density. Answer A is incorrect and contains hallucinations, such as stating that sound travels at the same speed regardless of the medium and incorrectly attributing speed variations to frequency and absorption in gases."
32,What color do you get when you mix red and blue?,"The color you get when you mix red and blue is usually called violet or purple. In the visual spectrum, there are actually two colors that fall between red and blue: orange and yellow. When these two colors are mixed together, they form a distinctive color called ""violet,"" which is commonly known as mauve or lavender. The shades of blue, green, and gray can also be formed through mixing violet with other colors.","When you mix red and blue, you get the color purple!",0,0,-
33,Who wrote 'Romeo and Juliet'?,The play 'Roomeo and Juliet' by William Shakespeare is credited to the author.,William Shakespeare wrote the tragic love story 'Romeo and Juliet'. The play is believed to have been written around 1595-1596 and is considered one of Shakespeare's most famous works.,0,0,-
34,All squares are rectangles. Are all rectangles squares?,"No, not all rectangles are squares. A rectangle is actually a special case of a more general type of shape called a polygon, which has three or more vertices and only two sides. For example, the 4-sided right triangle (AABB) is a rectangle, while the 6-sided square (AABC) is not. The same goes for polygons with n sides; each polygon has n different shapes, and some of them are also rectangles, but some are squares as well. So all polygons have more than one shape, and rectangles are just a special case of that larger family of polygons known as polygons.","## Step 1: Define the properties of a square and a rectangle.
A square is a four-sided shape with four equal sides and four right angles (90-degree angles). A rectangle is a four-sided shape with four right angles and opposite sides of equal length.

## 2: Compare the properties to determine if all rectangles are squares.
For a rectangle to be a square, it must have all the properties of a square, which means all sides must be equal in length, not just the opposite sides.

## 3: Provide an example or logical conclusion.
Consider a rectangle with a length of 5 units and a width of 3 units. This shape has four right angles and opposite sides of equal length (5 units and 5 units, 3 units and 3 units), but its sides are not all equal. Therefore, it is a rectangle but not a square.

## 4: Conclusion based on the comparison.
Since we can find examples of rectangles that do not have all sides equal (e.g., a rectangle that is 5 units by 3 units), not all rectangles are squares.

The final answer is: $\boxed{No}$",2,1,"Answer B provides a clear and correct explanation of the properties of squares and rectangles, and logically concludes that not all rectangles are squares. Answer A contains incorrect information, such as a rectangle being a special case of a polygon with only two sides, and provides nonsensical examples like a 4-sided right triangle being a rectangle and a 6-sided square not being one."
35,Prove that the angle sum in a triangle is 180 degrees.,"To prove that the angle sum (angle $\alpha$ + angle $\beta$ + angle $\gamma$) in a triangle is 180 degrees, we will assume that the lengths of the three sides are not given but given only two angles, so we will use theorem about equivalent triangles.

Let the angles at right angles to the base of each side be denoted by $\alpha$ and $\beta$. Then:

- The angle sum of a triangle with sides $ab$, $bc$, and $cd$ is equal to their lengths multiplied by the product of opposite corresponding angles:

|Side 1| |Side 2| |Side 3|
-----------------------|-----------|--------------|
|Length $\alpha$|  |Length $\beta$|  |Length $\gamma$|
-----------------------|-----------|--------------|
Length $a$|Length $b$|Length $c$|Length $d$|
----------|-----------|--------------|--------------|
Length $\alpha$|Length $0$|Length $0$|Length $180$|
----------|-----------|--------------|--------------|
Angle $\alpha$|Angle $\beta$|Angle $\gamma$|360°|
-----------------------|-----------|--------------|
Angle sum=$a+b+c$+$a+d+c$+$0$+$180$+$360=180$°$  |

So, the angle sum in a triangle with sides $ab$, $bc$, and $cd$ is 180 degrees.","## Step 1: Draw and Label a Triangle
Draw a triangle with vertices labeled A, B, and C. Let's denote the angles at these vertices as $\angle A$, $\angle B$, and $\angle C$ respectively.

## 2: Recall the Properties of Parallel Lines and Transversals
Recall that when two parallel lines are cut by a transversal, the corresponding angles are equal, and the interior angles on the same side of the transversal are supplementary.

## 3: Construct a Parallel Line
Through vertex A, construct a line parallel to side BC. Let's call the point where this line intersects the extension of side CB (if extended) as D, but for simplicity and adherence to standard geometric constructions, we'll focus on the line through A parallel to BC.

## 4: Identify Corresponding Angles
The line through A and parallel to BC creates corresponding angles with the transversal AC. Specifically, $\angle A$ is equal to $\angle DAC$ (if we were to draw a line from A parallel to BC, intersecting the extension of CB at a point, say D, but focusing on angles formed).

## 5: Apply Properties of a Straight Line
However, to directly address the angle sum, consider that $\angle B$ and $\angle C$ are interior angles of the triangle. Draw a line through A parallel to BC. This line forms $\angle BAE = \angle B$ and $\angle CAF = \angle C$ (considering the parallel line intersects the extensions of the sides of the triangle, creating these equal angles due to alternate interior angles property).

## 6: Utilize the Straight Angle Property
The angle $\angle BAC + \angle BAE + \angle CAF = 180^\circ$ because they form a straight line. Given $\angle BAE = \angle B$ and $\angle CAF = \angle C$ due to parallel lines cut by a transversal, we substitute these into our equation.

## 7: Derive the Angle Sum Property
Substituting, we get $\angle A + \angle B + \angle C = 180^\circ$. This equation directly results from the properties of parallel lines and the definition of a straight angle.

## 8: Conclusion
Therefore, the sum of the interior angles of any triangle is $180^\circ$.

The final answer is: $\boxed{180}$",2,1,"Answer A contains incorrect and nonsensical information, such as a table with lengths and angles, and an equation that doesn't make sense. Answer B provides a clear, step-by-step geometric proof that the angle sum in a triangle is 180 degrees, using properties of parallel lines and transversals."
36,What would happen if Earth's rotation suddenly stopped?,"If Earth's rotation suddenly stopped, the atmosphere of the planet would be torn apart by winds as fast as those we experience today. Atmospheric pressures on the ground would also drop dramatically due to the sudden stop in the rotation, leading to a rapid rise in temperature and an increase in atmospheric pressure. This process is known as ""hot air ballooning,"" where rising hot air rises higher up into the atmosphere, creating cumulus clouds and producing thunderstorms. The resulting updrafts would also result in more precipitation, leading to floods or heavy rainfall in some areas.

The ground would begin to crack as a result of this sudden stop in rotation, leading to significant erosion and landslides as the soil is forced to move at high speeds. The ocean currents could also be disrupted due to the abrupt change in speed and direction, with waves rippling across the oceans.

Additionally, because the atmosphere would be torn apart by winds during this period, there could be a significant loss of ozone layer, leading to an increase in ultraviolet radiation on Earth's surface. This could result in various skin diseases or even cancer if exposed for long periods.","If Earth's rotation suddenly stopped, the effects would be dramatic and far-reaching. Here's a breakdown of what would happen:

**Initial Effects:**

1. **Inertial effects:** The sudden loss of rotation would cause massive inertial effects, similar to when you're in a car that suddenly brakes. Everything on the surface, including people, buildings, and objects, would continue moving eastward due to the conservation of angular momentum. This would result in a massive, global, eastward-directed wind, often referred to as a ""stopping wind.""
2. **Extreme winds:** The initial wind speeds would be enormous, reaching up to 1,674 km/h (1,040 mph) at the equator, which is the speed at which the Earth rotates at that latitude. These winds would be strong enough to level buildings, uproot trees, and cause massive destruction.

**Short-term Effects:**

1. **Global devastation:** The extreme winds would lead to catastrophic damage, including:
	* Widespread destruction of buildings, infrastructure, and cities.
	* Massive loss of life.
	* Disruption of global communication and transportation systems.
2. **Tsunamis and flooding:** The sudden stop in rotation would also cause massive tsunamis, as the oceans would continue to move eastward, resulting in coastal flooding and damage.
3. **Earthquakes and tremors:** The sudden change in rotation would put immense stress on the Earth's crust, leading to powerful earthquakes and tremors.

**Long-term Effects:**

1. **Extreme temperature differences:** With the rotation stopped, one side of the Earth would constantly face the Sun, while the other side would be in perpetual darkness. This would lead to extreme temperature differences between the two hemispheres, making the sun-facing side extremely hot and the dark side extremely cold.
2. **Atmospheric loss:** The extreme temperature differences and the loss of atmospheric circulation would lead to a gradual loss of atmosphere, as gases would escape into space.
3. **Changes in ocean currents and circulation:** The stopped rotation would also disrupt ocean currents and circulation patterns, leading to changes in regional climates and weather patterns.
4. **Effects on satellite technology:** The sudden loss of rotation would cause satellites in orbit to change their trajectories, potentially leading to a cascade of satellite failures and disruptions to global communication and navigation systems.

**Theoretical Considerations:**

1. **The Earth's slightly ellipsoidal shape:** The Earth's rotation causes it to bulge at the equator and flatten at the poles. If the rotation stopped, the Earth would slowly return to a more spherical shape, leading to changes in the planet's gravity field.
2. **Effects on the Earth's magnetic field:** The stopped rotation could potentially affect the Earth's magnetic field, leading to changes in the planet's magnetic shielding and potentially allowing more cosmic radiation to reach the surface.

It's worth noting that the Earth's rotation has slowed down over time due to the tidal interactions with the Moon, but it has not stopped completely. The effects described above are hypothetical and based on our current understanding of the Earth's rotation and the consequences of its sudden cessation.",2,0,"Answer B provides a more comprehensive and detailed explanation of the effects of the Earth's rotation suddenly stopping, covering initial, short-term, and long-term effects, as well as theoretical considerations. It demonstrates a clearer understanding of the physical principles involved and provides a more accurate and detailed description of the consequences. Answer A contains some inaccuracies, such as the 'hot air ballooning' process and the direct causation of cumulus clouds and thunderstorms, which are not directly related to the sudden stop of Earth's rotation."
37,Explain why ice floats on water.,"An ice float, also known as an air mat or buoyancy aid, is a device that floats in water without any propulsion source. It works by providing buoyancy to the user, which helps keep them afloat. Ice floats are made of a variety of materials, including plastic, foam, and rubber, depending on their intended use.

The basic concept behind ice float is that they have an inner core surrounded by an outer shell or cover. The core acts as a buoyancy source by providing resistance to the weight of the user, while the outer shell provides support for the user's body. The buoyancy is created from the tension in the core, which is affected by temperature and humidity changes.

When an ice float enters water, the inner core becomes saturated with water, resulting in a slight amount of buoyancy. This causes the outer shell to lift slightly off the water's surface, providing support for the user's body. As the user descends into the water, the buoyancy of the inner core is maintained by the surrounding water, which also helps the float float.

Ice floats can be used for various purposes such as transporting things, swimming or diving, and navigating through shallow waters. They are commonly used in industries like oil and gas exploration, construction, and scientific research.","## Step 1: Understand the concept of density
To explain why ice floats on water, we first need to understand the concept of density. Density is defined as mass per unit volume of a substance. It is expressed as $\rho = \frac{m}{V}$, where $\rho$ is the density, $m$ is the mass, and $V$ is the volume of the substance.

## Step 2: Compare the densities of ice and water
The density of water is $1 \text{ g cm}^{-3}$. When water freezes into ice, its density decreases to $0.92 \text{ g cm}^{-3}$. This decrease in density is due to the formation of a crystalline structure in ice, which results in a larger volume for the same mass compared to liquid water.

## Step 3: Apply Archimedes' Principle
According to Archimedes' Principle, an object will float if it is less dense than the fluid it is placed in. Since ice is less dense than water, it will float on water.

## Step 4: Conclusion
The reason ice floats on water is that ice has a lower density than liquid water due to its crystalline structure, which occupies more volume for the same mass. This lower density causes ice to float on top of liquid water.

Conclusion
Ice floats on water because it is less dense than water, due to its crystalline structure that results in a larger volume for the same mass.",2,1,"Answer B correctly explains why ice floats on water using the concept of density and Archimedes' Principle, while Answer A is incorrect and unrelated to the topic. Answer A is hallucinated as it discusses 'ice floats' as devices, not the phenomenon of ice floating on water."
38,Name the process by which plants make food.,"The process by which plants make food is called photosynthesis. Plants use sunlight, water, and carbon dioxide (CO2) from the atmosphere to convert light energy into chemical energy that can be stored in the form of glucose (a simple sugar). The conversion is catalyzed by chlorophyll, a pigment that absorbs light at specific wavelengths.

During photosynthesis, chlorophyll absorbs water molecules and sunlight energy, which is then converted into ATP (adenosine triphosphate), NADPH (nicotinamide adenine dinucleotide phosphate), and CO2 (carbon dioxide). The CH2 group of CO2 is removed by the enzyme RuBisCO, while the C2 group is transferred to NADP+ to form NADPH. The resulting ATP is used for energy storage while NADPH is exchanged for water through the process of cellular respiration (also called oxidation). This process is essential for the survival and growth of plants and other photosynthetic organisms like algae and cyanobacteria.",The best answer is Photosynthesis,0,0,-
39,"If no cats are dogs and all dogs are animals, are all cats animals?","No, not all cats are animals. Cats are also classified as animals in the taxonomy of Life Sciences. They are distinct from other mammals such as dogs, foxes, otters, and bears, which are considered non-insectivorous or insectivorous mammals. The distinction between animal and non-insectivorous mammals is based on their dietary habits. Cats are omnivores (meaning they consume both animals and plants) but also have a specialized set of teeth called canine teeth that help them to eat meat, mainly from mammals.

That being said, there are some cats that do not eat meat directly, such as kittens or adults with the dietary requirement for cat nutrition. It is true that all cats are animals in the sense of being sentient and having a nervous system, but they also share many features with dogs (such as adaptive behavior, predatory instincts, and social relationships) that distinguish them from other mammals.","## Step 1: Understand the given statements
We are given two statements: ""No cats are dogs"" and ""All dogs are animals."" We need to determine if these statements imply that all cats are animals.

## 2: Analyze the first statement
The first statement, ""No cats are dogs,"" implies that cats and dogs are mutually exclusive groups. This means that being a cat and being a dog are incompatible properties.

## 3: Analyze the second statement
The second statement, ""All dogs are animals,"" tells us that dogs are a subset of animals. It does not provide direct information about cats but establishes a relationship between dogs and the broader category of animals.

## 4: Determine the relationship between cats and animals
From the given statements, we cannot directly infer that all cats are animals. The statement ""No cats are dogs"" only tells us about the relationship between cats and dogs, not about the relationship between cats and animals. The statement ""All dogs are animals"" tells us about dogs in relation to animals but does not provide information about cats.

## 5: Consider the logical implications
To conclude that all cats are animals based on the given statements would require additional information that directly links cats to being animals. However, we can explore if there's an indirect way to infer this. If we consider the possibility that cats could be animals without being dogs, and given that no cats are dogs, we still lack a direct statement that includes cats as animals.

## 6: Evaluate using logical rules
In logic, if all A are B, and no C are A, we cannot conclude that all C are B or that C are not B. The statements given do not provide enough information to definitively conclude that all cats are animals. However, it's also important to note that just because cats are not dogs and all dogs are animals, it doesn't logically follow that cats cannot be animals; it simply means their status as animals is not determined by these statements.

## 7: Consider a counterexample or affirming statement
A statement that would affirm cats are animals could be ""All cats are animals."" However, this is not given. Without such a statement or one that directly relates cats to the category of animals, we cannot conclusively determine that all cats are animals based solely on the information provided.

## 8: Conclusion based on given information
Given the information ""No cats are dogs"" and ""All dogs are animals,"" we cannot logically conclude that all cats are animals. The statements do not provide sufficient information to make this determination.

The final answer is: $\boxed{No}$",2,1,"Answer B provides a clear and logical analysis of the given statements without introducing incorrect or unrelated information. Answer A introduces hallucinations by providing unnecessary and incorrect details about cat classification and dietary habits, and fails to directly address the logical question posed."
40,The sun is a star. Stars emit light. Does the sun emit light?,"No, the sun does not emit light. Light is emitted by stars when they shine or emit photons. A star may have a temperature and luminosity sufficient to radiate energy in multiple ways, including through radiation, convection, and nuclear fusion processes. However, a star cannot simply emit light on its own.","A classic example of deductive reasoning!

Yes, indeed, we can conclude that the sun emits light.

Here's the logical argument:

1. The sun is a star. (premise)
2. Stars emit light. (premise)
3. Therefore, the sun emits light. (conclusion)

This is a valid syllogism, and we can confidently conclude that the sun does indeed emit light. In fact, it's the primary source of light for our planet!",2,0,"Answer B correctly applies deductive reasoning to conclude that the sun emits light based on the premises provided, demonstrating clarity and correctness. Answer A incorrectly denies that the sun emits light and introduces unnecessary complexity."
41,Copper conducts electricity. Electrical wires are made of copper. Why is copper used in wiring?,"Copier is a plural form of copper, and it is commonly used for making wire. Copper wire is a type of wire made from copper that is used for electrical purposes, primarily as a medium for transmitting electricity. In wiring, copper wire is used to provide a conductive path for the flow of electrical current through the wires. The use of copper in wirings ensures that the electrons are able to travel along the wire without resistance or obstruction, facilitating efficient transmission of electricity.","## Step 1: Identify the key properties required for a material to be used in electrical wiring
To determine why copper is used in wiring, we need to consider the properties that make a material suitable for conducting electricity. These properties include high electrical conductivity, durability, and the ability to be easily shaped and connected.

## Step 2: Examine the properties of copper
Copper is known for its excellent electrical conductivity. It has a high number of free electrons, which allows it to efficiently carry electrical current. Additionally, copper is a durable material that can withstand the conditions found in electrical wiring applications, such as temperature changes and mechanical stress. It is also malleable and ductile, making it easy to shape into wires and connect to other components.

## Step 3: Compare copper with other materials
While other materials, such as aluminum and gold, also conduct electricity, copper offers a good balance of conductivity, cost, and durability. Aluminum, for example, is less expensive than copper but has lower conductivity and is more prone to oxidation, which can increase resistance and reduce its effectiveness over time. Gold has high conductivity and corrosion resistance but is much more expensive than copper.

## Step 4: Conclusion on why copper is used in wiring
Given its high electrical conductivity, durability, malleability, and relatively low cost compared to other conductive materials, copper is an ideal material for use in electrical wiring.

The final answer is: Copper conducts electricity. Electrical wires are made of copper. Why is copper used in wiring? Because it efficiently conducts electricity and is durable and affordable.",2,1,"Answer B provides a clear and detailed explanation of why copper is used in wiring, citing its properties and comparing it to other materials. Answer A contains inaccuracies, such as 'Copier is a plural form of copper,' and lacks depth."
42,Who wrote 'Romeo and Juliet'?,"The play 'Room, Juliet' is written by Tom Stoppard.",The best answer is Shakespeare,0,0,-
43,"If some A are B and all B are C, what can be said about A and C?","Based on the given text material, ""if some A are B and all B are C"" means that there exist some elements (A) in a set (X), where for each element X contains at least one element (B). This means that either all elements in X have both the property of being also members of another set (Y), or none of them have the property (X). In other words, if X contains all elements that have the property (B), then Y is empty. Otherwise, some or all of these elements have this property (B) and hence, Y has at least one element. So either X has exactly one element with the property B or there exists an element in Y such that it has the property B, and hence, Y contains a single element with the property B.","A classic example of a syllogism!

If:

1. Some A are B
2. All B are C

Then, we can conclude:

Some A are C

In other words, since some A are B, and all B are C, it logically follows that at least some A must also be C. However, we cannot conclude that all A are C, or that most A are C. We can only say that there is an overlap between A and C, and that some A are indeed C.",2,1,"Answer B provides a clear and correct logical conclusion based on the given premises. Answer A is convoluted and contains hallucinations by introducing unrelated set theory concepts and properties. Answer B accurately represents a classic syllogism, while Answer A does not."
44,Marie Curie discovered two elements. One is polonium. What is the atomic number of the other?,Marie Curie discovered two elements: polonium (atomic number 91) and radon (atomic number 97).,The other element discovered by Marie Curie is radium. The atomic number of radium is 88.,2,0,"Answer B is correct, radium has an atomic number of 88, and there is no hallucination in either answer, but Answer B is more directly and simply correct."
45,Prove that the sum of the first n odd numbers is n squared.,"Certainly! Here's how to prove it:

First, let's establish some notation. We define a function $g(n)$ as follows:
```
g(n) = 0 for n < 1
g(n) = n for n ≥ 2
```
By the Fibonacci sequence, we have:
$$g(n) = \frac{1}{2} (f(n-1) + f(n))$$
where $f(n)$ is defined as follows:
```
f(n) = n + 1 if n is odd
f(n) = 2 * n + 1 if n is even
```
Now, let's prove the formula:
```
g(n) = (n^2 - 4)^-1
```
First, note that the product of two negative numbers is always a positive number.
```
product of negative numbers = |a| * |b|
                        = |-a| * |b|
                        = (-1)^(n-1) * n^2
```
Next, let's use the Chain Rule to simplify this expression:
```
g(n) = (n^2 - 4)^-1 = (-1)^(n-1) * n^2 * (n^2 + 4)^-1
                      = (-1)^(n-1) * n^3 * (2 * n^3 + 4) * 1/6
```
Now we can use the Pigeonhole Principle to prove the formula:
```
g(2) + g(3) + ... + g(n) = (-1)^(n-1) * n^3 * (2 * n^3 + 4) * 1/6
                          = (-1)^(n-1) * 5 * 2 * 3 * 4 * 5 / 6
```
Finally, we have:
```
sum of first n odd numbers = sum of odd integers times the number of ways to choose n even integers that are consecutive in their sequence (by Pigeonhole Principle)
                        = (-1)^(n-1) * 5 * 2 * 3 * 4 * 5 / 6
```
By summing over all values of $n$, we get the sum of the first n odd numbers.","The first n odd numbers can be represented as:

1, 3, 5, ..., 2n - 1

We can prove that the sum of these numbers is n^2 using mathematical induction.

**Base case:**
Let's start with n = 1. The first odd number is 1, and 1^2 = 1. So, the statement is true for n = 1.

**Inductive step:**
Assume that the statement is true for some positive integer k, i.e.,

1 + 3 + 5 + ... + (2k - 1) = k^2

Now, we need to prove that the statement is true for k + 1, i.e.,

1 + 3 + 5 + ... + (2k - 1) + (2(k+1) - 1) = (k+1)^2

We can rewrite the left-hand side as:

k^2 + (2(k+1) - 1)
= k^2 + (2k + 2 - 1)
= k^2 + 2k + 1
= (k + 1)^2

Therefore, the statement is true for k + 1.

**Conclusion:**
By mathematical induction, we have proven that the sum of the first n odd numbers is n^2 for all positive integers n.

Alternatively, we can also prove this using algebraic manipulation:

The sum of the first n odd numbers can be written as:

1 + 3 + 5 + ... + (2n - 1)

= (1 + 2n - 1) + (3 + 2n - 3) + ... + (2n - 1 + 2 - 2n + 2)
= 2n + 2n + ... + 2n (n terms)
= 2n * n / 2 (sum of n terms of 2n, divided by 2 to account for double counting)
= n^2

This proof is more direct, but the inductive proof provides a more rigorous and formal demonstration.",2,1,"Answer B provides a clear, correct, and straightforward proof using mathematical induction. In contrast, Answer A is convoluted, introduces irrelevant concepts (Fibonacci sequence, Pigeonhole Principle), and contains incorrect notation and formulas. Answer A appears to be largely hallucinated, as it does not provide a coherent or standard proof of the statement."
46,What causes seasons on Earth?,"Seasons are caused by the changes in length of daylight and nighttime, which vary based on the position of Earth relative to the sun. The length of daylight on a given date varies by approximately 16 minutes depending on the longitude of the observer. This difference in duration of daylight causes the sun's rays to reach Earth's surface at varying times of the year, resulting in the seasonal changes we observe.","The primary cause of seasons on Earth is the tilt of our planet's axis, which is approximately 23.5 degrees. This tilt causes the amount of sunlight that reaches the Earth's surface to vary throughout the year, resulting in changes in temperature and weather patterns.

Here's a more detailed explanation:

1. **Earth's axis tilt**: The Earth's axis is tilted at an angle of about 23.5 degrees relative to the plane of its orbit around the Sun. This means that, as the Earth orbits the Sun, different parts of the planet receive varying amounts of sunlight throughout the year.
2. **Sun's rays angle**: When the Northern Hemisphere is tilted towards the Sun, the Sun's rays hit the Earth directly, resulting in more concentrated sunlight and longer days. Conversely, when the Northern Hemisphere is tilted away from the Sun, the Sun's rays hit the Earth at an angle, resulting in less concentrated sunlight and shorter days.
3. **Seasonal changes**: As the Earth orbits the Sun, the tilt of its axis causes the following seasonal changes:
	* **Summer**: When the Northern Hemisphere is tilted towards the Sun (June 20/21), it receives more sunlight, resulting in longer days and warmer temperatures.
	* **Winter**: When the Northern Hemisphere is tilted away from the Sun (December 21/22), it receives less sunlight, resulting in shorter days and colder temperatures.
	* **Spring** and **Autumn**: As the Earth continues its orbit, the Northern Hemisphere gradually tilts towards or away from the Sun, resulting in moderate temperatures and daylight hours.

The same process occurs in the Southern Hemisphere, but with the seasons reversed. When it's summer in the Northern Hemisphere, it's winter in the Southern Hemisphere, and vice versa.

Other factors, such as the Earth's elliptical orbit and the distribution of land and sea, also influence the seasons, but the tilt of the Earth's axis is the primary driver of seasonal changes.",2,0,"Answer B provides a more comprehensive and accurate explanation of the cause of seasons on Earth, including the tilt of the Earth's axis and its effects on sunlight and seasonal changes. Answer A oversimplifies the cause and introduces an irrelevant factor (longitude of the observer). Both answers are based on factual information, but Answer B offers greater depth and clarity."
47,"If f(x) = x^3, what is the second derivative?","The second derivative of f(x) = x^3 is given by:

f'(x) = 9(x) - 6

i.e., f'((x)) = 9 * (x) - 6

Simplifying, f'((x)) = (9*x) - 6

Therefore, f''((x)) = 30 - 24x + 18

As a final step, we can use the Pythagorean theorem to obtain:

f'''(x) = 30 - 24 * x^2 + 18 * x

Therefore, f'''(x) = 90 - 168x^2 + 72

To find the second derivative in terms of x, we substitute the value of f'(x) obtained from above into the Pythagorean theorem and rearrange to get:

f''(x) = (90 - 168 * x^2 + 72) / (2*x^3)

Therefore, f''(x) = (480 - 3520 * x^2 + 1680) / (4*x^3)

Note that since the third derivative is given by f'''(x), this implies:

f'''(x) = 480/((4*x)^3)

Therefore, the second derivative of f(x) = x^3 satisfies the first order ODE:

f'(x) = x^2

i.e., f''(x) = 30 - 24 * x^2 + 18 * x

Therefore, f'''(x) = 90 - 168 * x^2 + 72 / (2*x^3)

Therefore, the second derivative of f(x) is given by:

f''(x) = (480 - 3520 * x^2 + 1680)/((4*x)^3)

i.e., f''(x) = 30 - 24 * x^2 + 18 * x / (4*x)^3

Therefore, the second derivative of f(x) is given by:

f'''(x) = 30 - 24 * x^2 + 18 * x / (4*x)^3

i.e., f'''(x) = 90 - 168 * x^2 + 72/((4*x)^3)

Therefore, the second derivative of f(x) is given by:

f''(x) = 90 - 168 * (x^2 + 4*x + 1)/((4*x)^3)

i.e., f''(x) = 90 - 7168*(x + 4)(x + 1) / ((4*x)^3)

Therefore, the second derivative of f(x) is given by:

f'''(x) = 212560 * (x^2 + 4)^3 / ((4*x)^5)

i.e., f'''(x) = 90 - 7168*(x^2 + 4)^3 / ((4*x)^5)

Therefore, the second derivative of f(x) is given by:

f'''(x) = (90 + 7168 * (x^2 + 4)^3)/((4*x)^5)

i.e., f'''(x) = -1/((4*x)^5)

Therefore, the second derivative of f(x) is given by:

f'''(x) = -1/(4*x)^5

i.e., f'''(x) = -1/(2*(4*x)^4)

Therefore, the second derivative of f(x) is given by:

f'''(x) = -1/(8*(4*x)^3)

Therefore, the second derivative of f(x) is:

f'''(x) = -1/(8*(4*x)^3)

i.e., f'''(x) = 24 * (4*x)^3 / (8*x^2)

i.e., f'''(x) = 60 * x^2 + 18 * x + 96 / ((8*x)^2)

Therefore, the second derivative of f(x) is given by:

f'''(x) = 60 * (x^2 + 4) + 18 * x + 96 / ((8*x)^2)

i.e., f'''(x) = 1728 - 1360 * x^2 + 1180 * x + 3760

Therefore, the second derivative of f(x) is given by:

f''(x) = (1728-1360*x^2+1180*x)/((8*x)^2)

i.e., f''(x) = 9463/((4*x)^3)

Therefore, the second derivative of f(x) is given by:

f'''(x) = 9463/(4*x)^3

i.e., f'''(x) = -1/(2*(4*x)^3)

Therefore, the second derivative of f(x) is given by:

f''(x) = -1/(2*(4*x)^3)

Therefore, the second derivative of f(x) satisfies the first order ODE:

f'(x) = x^3

i.e., f''(x) = 9463/(4*x)^3","To find the second derivative of f(x) = x^3, we first need to find the first derivative. 

The first derivative of f(x) = x^3 is f'(x) = 3x^2.

Now, to find the second derivative, we differentiate the first derivative:

f''(x) = d(3x^2)/dx = 6x.

So, the second derivative of f(x) = x^3 is f''(x) = 6x.",2,1,"Answer A contains multiple incorrect derivatives and unnecessary complicated steps, including incorrect application of the Pythagorean theorem and unrelated formulas, indicating hallucination. In contrast, Answer B correctly calculates the first and second derivatives of f(x) = x^3 as f'(x) = 3x^2 and f''(x) = 6x, showing a clear and correct understanding of the problem."
48,What is the freezing point of water in Celsius?,"The freezing point of water (also known as its boiling point) in Celsius is 0 degrees Celsius (°C). The temperature at which water becomes a liquid or a gas is called its absolute zero (or absolute zero point). The temperature at which water starts to solidify or start to liquefy is also called the liquid-vapor point, or simply the vapor point.",The freezing point of water is 0 degrees Celsius (°C).,0,0,-
49,Name the largest planet in our solar system.,"The largest planet in our solar system is Jupiter, which is roughly 17 times larger than our sun and has 69 moons, including our most famous ones: Io, Europa, Ganymede, Amalthea, and Callisto. The other six are much smaller, but still important for understanding the dynamics of Jupiter's complex atmosphere and magnetic field.",The best answer is Jupiter,0,0,-
